,batch_size,epochs,learning_rate,optimizer,activation,dropout_rate,filters,kernel_size,l1_r,l2_r,output_layer_activation,padding,start_neurons,train_loss,train_accuracy,train_precision,train_recall,val_loss,val_accuracy,val_precision,val_recall
0,64,1,0.001,rmsprop,sigmoid,0.5,15,3,0.1,0.001,softmax,same,128,40.5068817139,0.539522051811,0.539522051811,0.539522051811,40.7317848206,0.458333343267,0.458333343267,0.458333343267
1,8,1,1e-05,sgd,softmax,0.2,21,7,0.2,0.1,softmax,same,512,1008.48321533,0.541058421135,0.541058421135,0.541058421135,1008.47631836,0.557291686535,0.557291686535,0.557291686535
