batch_size,epochs,learning_rate,optimizer,activation,dropout_rate,filters,kernel_size,l1_r,l2_r,output_layer_activation,padding,start_neurons,train_loss,train_accuracy,train_precision,train_recall,val_loss,val_accuracy,val_precision,val_recall
16,1,1e-05,rmsprop,relu,0.5,21,11,0.3,0.2,sigmoid,same,1024,6391216.0,0.569852948189,0.493273556232,0.101102940738,26173628.0,0.515625,0.40000000596,0.09375
64,1,0.1,rmsprop,tanh,0.0,17,3,0.3,0.0001,sigmoid,same,512,296888.78125,0.499080896378,0.498630136251,0.501838207245,296888.90625,0.463541656733,0.466321229935,0.46875
8,1,0.001,adam,relu,0,19,13,0.001,0.3,softmax,same,512,36100732.0,0.554744541645,0.554744541645,0.554744541645,32717926.0,0.526041686535,0.526041686535,0.526041686535
16,1,0.1,rmsprop,tanh,0.3,17,3,0.1,0.001,softmax,same,256,32321.6914063,0.499080896378,0.499080896378,0.499080896378,32322.2421875,0.463541656733,0.463541656733,0.463541656733
